L;entropy_total;PSNRdB
2;0.377071;71.7835
4;0.7438;74.5372
8;1.36111;78.1257
16;2.26933;82.2027
32;3.39125;86.9583
64;4.63415;92.4006
128;5.90472;98.3001
256;7.03849;104.311
512;7.97532;110.336
