L;entropy_total;debit_huffman;PSNRdB
2;0.377071;1.34403;71.7835
4;0.7438;1.54856;74.5372
8;1.36111;1.87038;78.1257
16;2.26933;2.49448;82.2027
32;3.39125;3.45842;86.9583
64;4.63415;4.67759;92.4006
128;5.90472;5.944;98.3001
256;7.03849;7.07529;104.311
512;7.97532;8.01254;110.336
