L;entropy_total;PSNRdB
2;0.346833;28.077
4;0.687485;30.6543
8;1.26041;33.7504
16;2.1155;37.3732
32;3.1721;41.7422
64;4.34314;46.4167
128;5.53893;50.001
256;6.59767;51.3693
512;7.46085;51.4436
