L;entropy_total;PSNRdB
2;0.346833;76.7791
4;0.687485;78.9004
8;1.26041;81.9341
16;2.1155;85.6055
32;3.1721;90.1063
64;4.34314;95.5512
128;5.53893;101.427
256;6.59767;107.46
512;7.46085;113.48
